Agent,Grid Size,Number of Colors,Mean,Median,Standard Deviation,Variance
random_agent,"(10, 10)",10,34.56705,33.0,4.144523623802944,17.177076068260686
bottom_agent,"(10, 10)",10,37.06132,36.0,4.373919428763142,19.131171169311695
RL Agent(PPO),"(10, 10)",10,39.21858,38.0,4.4512583524896865,19.8137009206092
random_agent,"(10, 10)",15,33.67916,33.0,3.4372605141301724,11.814759841998416
bottom_agent,"(10, 10)",15,35.91357,36.0,3.1907650594985286,10.180981664916649
RL Agent(PPO),"(10, 10)",15,33.85304,33.0,3.478606583883503,12.100703765437654
