Agent,Grid Size,Number of Colors,Mean,Median,Standard Deviation,Variance
random_agent,"(5, 5)",5,47.6808,46,9.984962759,99.69948131
bottom_agent,"(5, 5)",5,49.4076,48,10.81279584,116.9165539
RL Agent(PPO),"(5, 5)",5,50.7721,49,11.19242997,125.2704886
random_agent,"(10, 10)",10,36.5786,36,5.154850074,26.57247929
bottom_agent,"(10, 10)",10,37.9244,36,5.904588983,34.86417106
RL Agent(PPO),"(10, 10)",10,38.2023,37,5.977971924,35.73614832
random_agent,"(15, 15)",15,34.2582,33,4.093679101,16.75820858
bottom_agent,"(15, 15)",15,35.0606,34,4.533870668,20.55598324
RL Agent(PPO),"(15, 15)",15,34.9055,33,4.41621105,19.50292004